{"cameraMode":{"drawMode":0,"name":"Shaded","section":"Shading Mode"},"sceneLighting":true,"audioPlay":false,"sceneViewState":{"showFog":true,"showMaterialUpdate":false,"showSkybox":true,"showFlares":true,"showImageEffects":true,"showParticleSystems":true},"in2DMode":false,"pivot":{"x":-41.530704498291019,"y":-43.79998016357422,"z":-126.74656677246094},"rotation":{"x":-0.06130688637495041,"y":0.24622656404972077,"z":-0.01563277840614319,"w":-0.9671971797943115},"size":89.02259826660156,"orthographic":false}