{"cameraMode":{"drawMode":0,"name":"Shaded","section":"Shading Mode"},"sceneLighting":true,"audioPlay":false,"sceneViewState":{"showFog":true,"showMaterialUpdate":false,"showSkybox":true,"showFlares":true,"showImageEffects":true,"showParticleSystems":true},"in2DMode":false,"pivot":{"x":-25.69394302368164,"y":-44.310447692871097,"z":-160.01483154296876},"rotation":{"x":-0.10697420686483383,"y":0.6985754370689392,"z":-0.10689941048622132,"w":-0.6994305849075317},"size":40.010372161865237,"orthographic":false}